{
  "Total" : {
    "transaction" : "Total",
    "sampleCount" : 800,
    "errorCount" : 0,
    "errorPct" : 0.0,
    "meanResTime" : 2445.9162500000025,
    "medianResTime" : 259.0,
    "minResTime" : 229.0,
    "maxResTime" : 26264.0,
    "pct1ResTime" : 2774.3999999999996,
    "pct2ResTime" : 22918.349999999995,
    "pct3ResTime" : 24246.55,
    "throughput" : 27.41415941333699,
    "receivedKBytesPerSec" : 23.891279298882875,
    "sentKBytesPerSec" : 9.169286717839764
  },
  "GetBookingIds " : {
    "transaction" : "GetBookingIds ",
    "sampleCount" : 200,
    "errorCount" : 0,
    "errorPct" : 0.0,
    "meanResTime" : 309.63000000000005,
    "medianResTime" : 254.0,
    "minResTime" : 229.0,
    "maxResTime" : 1588.0,
    "pct1ResTime" : 301.80000000000007,
    "pct2ResTime" : 889.3999999999999,
    "pct3ResTime" : 1443.5100000000032,
    "throughput" : 8.259343382201115,
    "receivedKBytesPerSec" : 7.419535928143713,
    "sentKBytesPerSec" : 1.3147196985339666
  },
  "CreateBooking " : {
    "transaction" : "CreateBooking ",
    "sampleCount" : 200,
    "errorCount" : 0,
    "errorPct" : 0.0,
    "meanResTime" : 309.7250000000001,
    "medianResTime" : 254.0,
    "minResTime" : 230.0,
    "maxResTime" : 1775.0,
    "pct1ResTime" : 279.40000000000003,
    "pct2ResTime" : 954.9,
    "pct3ResTime" : 1450.2500000000025,
    "throughput" : 8.259002312520648,
    "receivedKBytesPerSec" : 7.642803311859927,
    "sentKBytesPerSec" : 3.7181641270234556
  },
  "UpdateBooking " : {
    "transaction" : "UpdateBooking ",
    "sampleCount" : 200,
    "errorCount" : 0,
    "errorPct" : 0.0,
    "meanResTime" : 320.07500000000005,
    "medianResTime" : 255.0,
    "minResTime" : 231.0,
    "maxResTime" : 1545.0,
    "pct1ResTime" : 273.70000000000005,
    "pct2ResTime" : 864.8999999999997,
    "pct3ResTime" : 1433.6600000000003,
    "throughput" : 8.256274768824307,
    "receivedKBytesPerSec" : 7.458705725726552,
    "sentKBytesPerSec" : 4.031384164464994
  },
  "login" : {
    "transaction" : "login",
    "sampleCount" : 200,
    "errorCount" : 0,
    "errorPct" : 0.0,
    "meanResTime" : 8844.235,
    "medianResTime" : 2019.5,
    "minResTime" : 931.0,
    "maxResTime" : 26264.0,
    "pct1ResTime" : 23641.7,
    "pct2ResTime" : 24153.45,
    "pct3ResTime" : 26132.730000000003,
    "throughput" : 7.037792948131466,
    "receivedKBytesPerSec" : 5.340750140755859,
    "sentKBytesPerSec" : 1.6907197902737703
  }
}