{
  "Total" : {
    "transaction" : "Total",
    "sampleCount" : 1200,
    "errorCount" : 0,
    "errorPct" : 0.0,
    "meanResTime" : 1135.5024999999978,
    "medianResTime" : 423.5,
    "minResTime" : 260.0,
    "maxResTime" : 13505.0,
    "pct1ResTime" : 2963.000000000002,
    "pct2ResTime" : 4341.0500000000075,
    "pct3ResTime" : 7073.320000000001,
    "throughput" : 49.4641384995878,
    "receivedKBytesPerSec" : 43.05908001854905,
    "sentKBytesPerSec" : 16.56855420445177
  },
  "GetBookingIds " : {
    "transaction" : "GetBookingIds ",
    "sampleCount" : 300,
    "errorCount" : 0,
    "errorPct" : 0.0,
    "meanResTime" : 520.5333333333332,
    "medianResTime" : 369.0,
    "minResTime" : 260.0,
    "maxResTime" : 4823.0,
    "pct1ResTime" : 1267.6000000000001,
    "pct2ResTime" : 1395.35,
    "pct3ResTime" : 2242.7500000000055,
    "throughput" : 13.540350243726305,
    "receivedKBytesPerSec" : 12.142414865047844,
    "sentKBytesPerSec" : 2.168571718721791
  },
  "CreateBooking " : {
    "transaction" : "CreateBooking ",
    "sampleCount" : 300,
    "errorCount" : 0,
    "errorPct" : 0.0,
    "meanResTime" : 493.9166666666665,
    "medianResTime" : 364.5,
    "minResTime" : 265.0,
    "maxResTime" : 7360.0,
    "pct1ResTime" : 1110.4000000000005,
    "pct2ResTime" : 1381.6499999999999,
    "pct3ResTime" : 2518.2900000000036,
    "throughput" : 14.401612980653834,
    "receivedKBytesPerSec" : 13.323554738130671,
    "sentKBytesPerSec" : 6.483538656329509
  },
  "UpdateBooking " : {
    "transaction" : "UpdateBooking ",
    "sampleCount" : 300,
    "errorCount" : 0,
    "errorPct" : 0.0,
    "meanResTime" : 473.63666666666643,
    "medianResTime" : 361.0,
    "minResTime" : 264.0,
    "maxResTime" : 6420.0,
    "pct1ResTime" : 1023.3000000000002,
    "pct2ResTime" : 1251.55,
    "pct3ResTime" : 2280.090000000002,
    "throughput" : 13.523869629896767,
    "receivedKBytesPerSec" : 12.199305211197764,
    "sentKBytesPerSec" : 6.616658871658477
  },
  "login" : {
    "transaction" : "login",
    "sampleCount" : 300,
    "errorCount" : 0,
    "errorPct" : 0.0,
    "meanResTime" : 3053.923333333336,
    "medianResTime" : 2562.0,
    "minResTime" : 1055.0,
    "maxResTime" : 13505.0,
    "pct1ResTime" : 5287.000000000001,
    "pct2ResTime" : 6626.15,
    "pct3ResTime" : 12216.850000000006,
    "throughput" : 13.588187335809403,
    "receivedKBytesPerSec" : 10.301013735392699,
    "sentKBytesPerSec" : 3.2643496920010873
  }
}