{
  "Total" : {
    "transaction" : "Total",
    "sampleCount" : 1600,
    "errorCount" : 0,
    "errorPct" : 0.0,
    "meanResTime" : 2008.076875,
    "medianResTime" : 425.0,
    "minResTime" : 231.0,
    "maxResTime" : 79806.0,
    "pct1ResTime" : 5681.9000000000015,
    "pct2ResTime" : 8104.149999999997,
    "pct3ResTime" : 20264.51000000002,
    "throughput" : 18.527095877721166,
    "receivedKBytesPerSec" : 16.131193188397408,
    "sentKBytesPerSec" : 6.205853404353868
  },
  "GetBookingIds " : {
    "transaction" : "GetBookingIds ",
    "sampleCount" : 400,
    "errorCount" : 0,
    "errorPct" : 0.0,
    "meanResTime" : 593.7274999999993,
    "medianResTime" : 356.0,
    "minResTime" : 233.0,
    "maxResTime" : 11984.0,
    "pct1ResTime" : 1291.5000000000002,
    "pct2ResTime" : 1519.95,
    "pct3ResTime" : 4119.320000000007,
    "throughput" : 4.735128736312519,
    "receivedKBytesPerSec" : 4.247697173720036,
    "sentKBytesPerSec" : 0.7583604616750519
  },
  "CreateBooking " : {
    "transaction" : "CreateBooking ",
    "sampleCount" : 400,
    "errorCount" : 0,
    "errorPct" : 0.0,
    "meanResTime" : 645.0474999999994,
    "medianResTime" : 359.5,
    "minResTime" : 231.0,
    "maxResTime" : 9551.0,
    "pct1ResTime" : 1437.0000000000005,
    "pct2ResTime" : 1991.0499999999993,
    "pct3ResTime" : 4844.8200000000015,
    "throughput" : 4.736754849252777,
    "receivedKBytesPerSec" : 4.383903618880705,
    "sentKBytesPerSec" : 2.132464829595244
  },
  "UpdateBooking " : {
    "transaction" : "UpdateBooking ",
    "sampleCount" : 400,
    "errorCount" : 0,
    "errorPct" : 0.0,
    "meanResTime" : 584.7950000000001,
    "medianResTime" : 360.0,
    "minResTime" : 235.0,
    "maxResTime" : 8312.0,
    "pct1ResTime" : 1269.6000000000001,
    "pct2ResTime" : 1432.2999999999997,
    "pct3ResTime" : 3779.2800000000043,
    "throughput" : 4.7341760166643,
    "receivedKBytesPerSec" : 4.269172673152488,
    "sentKBytesPerSec" : 2.3162326019031387
  },
  "login" : {
    "transaction" : "login",
    "sampleCount" : 400,
    "errorCount" : 0,
    "errorPct" : 0.0,
    "meanResTime" : 6208.737499999998,
    "medianResTime" : 4481.0,
    "minResTime" : 965.0,
    "maxResTime" : 79806.0,
    "pct1ResTime" : 12507.60000000001,
    "pct2ResTime" : 15856.699999999995,
    "pct3ResTime" : 36234.620000000024,
    "throughput" : 4.713201677899797,
    "receivedKBytesPerSec" : 3.5743927334213135,
    "sentKBytesPerSec" : 1.1322730593392092
  }
}