{
  "Total" : {
    "transaction" : "Total",
    "sampleCount" : 2000,
    "errorCount" : 0,
    "errorPct" : 0.0,
    "meanResTime" : 3214.0915000000014,
    "medianResTime" : 451.5,
    "minResTime" : 229.0,
    "maxResTime" : 176186.0,
    "pct1ResTime" : 8724.100000000002,
    "pct2ResTime" : 13502.449999999997,
    "pct3ResTime" : 26575.2,
    "throughput" : 11.040696005476185,
    "receivedKBytesPerSec" : 9.62565398872745,
    "sentKBytesPerSec" : 3.696994308521209
  },
  "GetBookingIds " : {
    "transaction" : "GetBookingIds ",
    "sampleCount" : 500,
    "errorCount" : 0,
    "errorPct" : 0.0,
    "meanResTime" : 862.6640000000006,
    "medianResTime" : 414.0,
    "minResTime" : 231.0,
    "maxResTime" : 16897.0,
    "pct1ResTime" : 1519.6000000000001,
    "pct2ResTime" : 2640.35,
    "pct3ResTime" : 9076.080000000004,
    "throughput" : 2.796420581655481,
    "receivedKBytesPerSec" : 2.512212493008948,
    "sentKBytesPerSec" : 0.44725251677852346
  },
  "CreateBooking " : {
    "transaction" : "CreateBooking ",
    "sampleCount" : 500,
    "errorCount" : 0,
    "errorPct" : 0.0,
    "meanResTime" : 997.7479999999995,
    "medianResTime" : 425.0,
    "minResTime" : 230.0,
    "maxResTime" : 40190.0,
    "pct1ResTime" : 1550.4,
    "pct2ResTime" : 2901.9,
    "pct3ResTime" : 10968.91000000001,
    "throughput" : 2.7937955388672835,
    "receivedKBytesPerSec" : 2.5878404239864112,
    "sentKBytesPerSec" : 1.2577536556814626
  },
  "UpdateBooking " : {
    "transaction" : "UpdateBooking ",
    "sampleCount" : 500,
    "errorCount" : 0,
    "errorPct" : 0.0,
    "meanResTime" : 962.3679999999997,
    "medianResTime" : 315.0,
    "minResTime" : 229.0,
    "maxResTime" : 131285.0,
    "pct1ResTime" : 1479.0000000000005,
    "pct2ResTime" : 2415.7499999999986,
    "pct3ResTime" : 8439.060000000034,
    "throughput" : 2.7982986344302665,
    "receivedKBytesPerSec" : 2.5279348905865233,
    "sentKBytesPerSec" : 1.3684773407768076
  },
  "login" : {
    "transaction" : "login",
    "sampleCount" : 500,
    "errorCount" : 0,
    "errorPct" : 0.0,
    "meanResTime" : 10033.585999999998,
    "medianResTime" : 7247.0,
    "minResTime" : 1327.0,
    "maxResTime" : 176186.0,
    "pct1ResTime" : 21947.600000000002,
    "pct2ResTime" : 25153.35,
    "pct3ResTime" : 53458.97000000001,
    "throughput" : 2.7827713062885064,
    "receivedKBytesPerSec" : 2.1129712971053616,
    "sentKBytesPerSec" : 0.668517325534153
  }
}